,,,,,,Score,Score,Score,Score,Advanced,Advanced,Advanced,Advanced,Advanced,Advanced,Advanced,Advanced,Advanced,Advanced,Offensive Four Factors,Offensive Four Factors,Offensive Four Factors,Offensive Four Factors,Defensive Four Factors,Defensive Four Factors,Defensive Four Factors,Defensive Four Factors
Rk,Gtm,Date,,Opp,Type▼,Rslt,Tm,Opp,OT,ORtg,DRtg,Pace,FTr,3PAr,TS%,TRB%,AST%,STL%,BLK%,eFG%,TOV%,ORB%,FT/FGA,eFG%,TOV%,ORB%,FT/FGA
1,1,2025-11-03,,La Verne,REG (Non-Conf),W,105,73,,138.8,96.5,75.7,.594,.391,.640,67.1,48.5,17.2,5.7,.594,12.8,50.0,.453,.548,17.4,14.7,.081
2,2,2025-11-08,,Houston Christian,REG (Non-Conf),W,78,60,,111.6,85.8,69.9,.224,.448,.608,53.2,62.1,12.9,3.0,.586,14.6,18.5,.172,.500,19.6,20.0,.091
3,3,2025-11-12,@,Fresno State,REG (Non-Conf),W,78,73,,108.2,101.3,72.1,.217,.617,.589,48.4,46.7,8.3,13.9,.600,21.4,32.3,.100,.483,15.9,36.4,.271
4,4,2025-11-15,,Idaho,REG (Non-Conf),W,75,67,,105.8,94.5,70.9,.560,.340,.592,47.8,70.8,9.9,3.6,.530,14.8,10.3,.440,.442,13.7,25.0,.233
5,5,2025-11-24,N,Temple,REG (Non-Conf),W,91,76,,129.2,107.9,70.4,.357,.429,.695,48.3,60.0,8.5,5.7,.732,7.1,4.0,.161,.483,8.9,20.0,.322
6,6,2025-11-25,N,Bradley,REG (Non-Conf),W,87,77,,123.5,109.3,70.4,.554,.500,.615,46.0,53.8,8.5,13.8,.571,10.2,24.1,.411,.532,14.8,35.3,.177
7,7,2025-11-26,N,Towson,REG (Non-Conf),W,87,73,,132.6,111.3,65.6,.283,.472,.723,46.7,56.3,12.2,2.8,.755,9.1,20.0,.132,.454,11.0,34.3,.215
8,8,2025-12-02,@,Nevada,REG (Non-Conf),L,70,76,,105.5,114.6,66.3,.159,.333,.472,44.6,28.6,7.5,5.0,.449,3.9,25.6,.116,.525,9.0,34.3,.217
9,10,2025-12-14,N,Tulane,REG (Non-Conf),W,93,67,,116.9,84.3,79.5,.213,.453,.563,59.7,60.0,12.6,7.3,.547,12.7,37.8,.147,.426,17.4,20.0,.246
10,11,2025-12-16,@,Loyola Marymount,REG (Non-Conf),W,67,57,,93.2,79.3,71.9,.322,.288,.492,58.2,48.1,13.9,0.0,.492,19.0,32.3,.153,.473,20.8,19.4,.071
11,12,2025-12-19,,San Diego,REG (Non-Conf),L,80,82,,116.9,119.9,68.4,.271,.441,.601,46.7,46.7,11.7,11.8,.576,11.9,28.0,.203,.537,12.2,40.0,.149
12,13,2025-12-28,,Stanton,REG (Non-Conf),W,85,62,,126.8,92.5,67.1,.391,.594,.560,58.8,71.4,14.9,14.7,.539,10.6,43.9,.250,.510,22.2,18.5,.196
13,9,2025-12-06,@,Long Beach State,REG (Conf),W,80,74,,116.3,107.5,68.8,.500,.400,.646,50.9,61.5,8.7,0.0,.610,15.1,19.2,.380,.532,11.7,22.6,.111
14,14,2026-01-01,@,Cal Poly,REG (Conf),L,65,67,,95.7,98.7,67.9,.200,.492,.457,49.4,52.2,11.8,4.2,.415,13.4,35.0,.169,.432,11.0,35.9,.152
15,15,2026-01-03,,Hawaii,REG (Conf),W,83,73,,121.9,107.2,68.1,.234,.391,.583,50.8,58.1,11.8,10.0,.547,9.0,26.7,.203,.538,15.1,24.1,.302
16,16,2026-01-08,,Cal State Fullerton,REG (Conf),L,71,88,,100.8,124.9,70.5,.364,.618,.550,60.7,54.5,1.4,0.0,.482,19.9,34.6,.327,.629,6.7,16.7,.259
17,17,2026-01-10,@,UC Riverside,REG (Conf),W,69,66,,105.8,101.2,65.2,.521,.375,.576,52.5,25.0,7.7,6.3,.542,16.7,33.3,.354,.430,14.2,31.3,.298
18,18,2026-01-15,,Cal State Northridge,REG (Conf),L,79,84,,106.2,112.9,74.4,.284,.448,.520,40.3,50.0,4.0,8.7,.485,7.3,19.5,.209,.508,8.3,32.3,.297
19,19,2026-01-17,@,Cal State Bakersfield,REG (Conf),W,83,62,,113.4,84.7,73.2,.317,.429,.572,47.2,51.7,17.8,8.8,.548,9.9,20.6,.222,.384,17.9,28.9,.339
20,20,2026-01-22,@,UC Davis,REG (Conf),W,80,74,,106.1,98.1,75.4,.491,.436,.590,62.2,66.7,8.0,16.7,.555,18.1,35.7,.345,.448,12.5,21.7,.209
21,21,2026-01-24,,UC Irvine,REG (Conf),L,59,61,,84.0,86.9,70.2,.138,.492,.426,50.0,63.6,10.0,6.5,.408,10.4,19.5,.092,.435,11.7,16.2,.113
22,22,2026-01-29,,UC Santa Barbara,REG (Conf),L,48,62,,74.3,96.0,64.6,.240,.320,.431,50.8,38.9,9.3,4.0,.410,24.4,24.2,.140,.471,14.2,21.9,.275
23,23,2026-01-31,@,Cal State Northridge,REG (Conf),L,64,81,,82.3,104.2,77.7,.257,.400,.407,43.5,66.7,15.4,12.2,.400,11.3,29.5,.114,.508,17.1,32.0,.290
24,24,2026-02-05,,Long Beach State,REG (Conf),W,77,74,,103.9,99.8,74.1,.527,.382,.560,60.6,58.3,9.4,8.6,.509,20.7,32.4,.382,.528,14.8,3.4,.315
25,25,2026-02-08,@,Hawaii,REG (Conf),L,67,72,,89.6,96.3,74.7,.305,.441,.496,37.1,32.0,12.0,2.9,.483,11.8,5.6,.169,.475,16.5,29.4,.250
26,26,2026-02-12,,UC Davis,REG (Conf),W,68,51,,94.7,71.0,71.8,.180,.340,.626,57.4,48.1,7.0,19.0,.610,26.9,9.5,.140,.403,16.6,17.5,.016
27,27,2026-02-14,,UC Riverside,REG (Conf),W,72,66,,101.3,92.9,71.1,.328,.410,.511,50.7,73.1,11.3,6.5,.467,12.4,21.6,.246,.441,13.1,19.4,.237
28,28,2026-02-21,@,UC Irvine,REG (Conf),W,71,69,,111.3,108.2,63.8,.186,.424,.553,46.2,73.1,9.4,10.2,.525,11.1,31.3,.153,.478,10.2,39.4,.075
29,29,2026-02-26,,Cal State Bakersfield,REG (Conf),W,84,72,,116.0,99.4,72.4,.673,.423,.612,60.0,57.7,12.4,3.6,.577,14.9,34.5,.462,.480,16.8,11.5,.510
30,30,2026-02-28,,Cal Poly,REG (Conf),W,80,64,,108.5,86.8,73.7,.239,.358,.536,45.5,58.1,13.6,15.8,.522,7.4,13.9,.149,.483,19.5,16.7,.138
31,31,2026-03-05,@,Cal State Fullerton,REG (Conf),L,71,75,,99.5,105.1,71.4,.050,.400,.578,50.8,80.0,8.4,6.3,.567,18.6,16.0,.050,.515,11.2,25.0,.090
32,32,2026-03-07,@,UC Santa Barbara,REG (Conf),W,64,63,,101.7,100.1,62.9,.333,.278,.512,42.4,36.0,25.4,4.8,.481,10.1,18.2,.222,.563,24.5,26.9,.188
33,33,2026-03-11,N,Cal Poly,CTOURN,W,72,69,,95.7,91.7,75.2,.455,.364,.538,50.0,60.0,6.6,6.1,.500,16.3,19.4,.309,.431,13.2,21.2,.200
34,34,2026-03-12,N,Cal State Northridge,CTOURN,L,70,80,,94.5,108.0,74.1,.279,.541,.507,45.2,69.6,6.7,9.1,.451,17.8,20.6,.246,.557,12.8,25.0,.197
,,,,,,23-11,2573,2390,,106.8,99.2,70.9,.323,.427,.555,50.8,55.7,10.7,7.8,.528,13.9,25.5,.225,.487,14.4,24.7,.206